index,Barrio,BARRIOS_HECHO,lat,lon
0,"Malpaso, Bucaramanga, Colombia",MALPASO,7.12551689, -73.11826324
1,"Granjas de provenza, Bucaramanga, Colombia",GRANJAS DE PROVENZA,7.08495522, -73.11476898
2,"Provenza, Bucaramanga, Colombia",PROVENZA,7.08495522, -73.11476898
3,"Ciudad venecia, Bucaramanga, Colombia",CIUDAD VENECIA,8.2351923, -73.35509491
4,"Urbanizacion los naranjos, Bucaramanga, Colombia",Urbanizacion LOS NARANJOS,7.12551689, -73.11826324
5,"Ciudadela real de minas, Bucaramanga, Colombia",CIUDADELA REAL DE MINAS,7.12551689, -73.11826324
6,"La concordia, Bucaramanga, Colombia",LA CONCORDIA,7.10765362, -73.11735535
7,"Centro, Bucaramanga, Colombia",CENTRO,7.11813021, -73.12631226
8,"Cabecera del llano, Bucaramanga, Colombia",CABECERA DEL LLANO,7.11298704, -73.10932922
9,"Antonia santos centro, Bucaramanga, Colombia",ANTONIA SANTOS CENTRO,7.11813021, -73.12631226
10,"Girardot, Bucaramanga, Colombia",GIRARDOT,7.12551689, -73.11826324
11,"Alvarez las americas, Bucaramanga, Colombia",ÃLVAREZ LAS AMÃ‰RICAS,7.12551689, -73.11826324
12,"San alonso, Bucaramanga, Colombia",SAN ALONSO,7.12551689, -73.11826324
13,"San francisco, Bucaramanga, Colombia",SAN FRANCISCO,7.1331625, -73.12514496
14,"Mutualidad, Bucaramanga, Colombia",MUTUALIDAD,7.12551689, -73.11826324
15,"Villa helena i, Bucaramanga, Colombia",VILLA HELENA I,7.12551689, -73.11826324
16,"Villa helena ii, Bucaramanga, Colombia",VILLA HELENA II,7.12551689, -73.11826324
17,"Villa rosa, Bucaramanga, Colombia",VILLA ROSA,7.24193048, -73.5267334
18,"Delicias, Bucaramanga, Colombia",DELICIAS,7.12551689, -73.11826324
19,"La victoria, Bucaramanga, Colombia",LA VICTORIA,7.12551689, -73.11826324
20,"La salle, Bucaramanga, Colombia",LA SALLE,7.12551689, -73.11826324
21,"Nuevo sotomayor, Bucaramanga, Colombia",NUEVO SOTOMAYOR,7.12551689, -73.11826324
22,"Sotomayor, Bucaramanga, Colombia",SOTOMAYOR,7.12551689, -73.11826324
23,"Pan de azucar, Bucaramanga, Colombia",PAN DE AZÃšCAR,6.74840117, -72.7124176
24,"Bolivar, Bucaramanga, Colombia",BOLÃVAR,7.12551689, -73.11826324
25,"El jardin, Bucaramanga, Colombia",EL JARDÃN,7.12551689, -73.11826324
26,"El prado, Bucaramanga, Colombia",EL PRADO,7.12551689, -73.11826324
27,"El cristal, Bucaramanga, Colombia",EL CRISTAL,7.12551689, -73.11826324
28,"Universidad, Bucaramanga, Colombia",UNIVERSIDAD,7.12551689, -73.11826324
29,"Comuneros, Bucaramanga, Colombia",COMUNEROS,7.12551689, -73.11826324
30,"Villa mercedes, Bucaramanga, Colombia",VILLA MERCEDES,8.53469467, -73.8897934
31,"El rocio, Bucaramanga, Colombia",EL ROCÃO,7.08428478, -73.12055206
32,"Bucaramanga, Bucaramanga, Colombia",BUCARAMANGA,7.12551689, -73.11826324
33,"Campo hermoso, Bucaramanga, Colombia",CAMPO HERMOSO,6.86535501, -73.46440887
34,"Bolarqui, Bucaramanga, Colombia",BOLARQUÃ,7.12551689, -73.11826324
35,"Terrazas, Bucaramanga, Colombia",TERRAZAS,7.12551689, -73.11826324
36,"Buenos aires, Bucaramanga, Colombia",BUENOS AIRES,-34.60756683, -58.43708801
37,"Gaitan, Bucaramanga, Colombia",GAITÃN,7.18554544, -73.12021637
38,"Los pinos, Bucaramanga, Colombia",LOS PINOS,7.12551689, -73.11826324
39,"Puerta del sol, Bucaramanga, Colombia",PUERTA DEL SOL,7.12551689, -73.11826324
40,"La joya, Bucaramanga, Colombia",LA JOYA,7.12551689, -73.11826324
41,"Mejoras publicas, Bucaramanga, Colombia",MEJORAS PÃšBLICAS,7.12551689, -73.11826324
42,"La aurora, Bucaramanga, Colombia",LA AURORA,7.12551689, -73.11826324
43,"Betania, Bucaramanga, Colombia",BETANIA,7.12551689, -73.11826324
44,"Miradores de san lorenzo, Bucaramanga, Colombia",MIRADORES DE SAN LORENZO,7.12551689, -73.11826324
45,"La libertad, Bucaramanga, Colombia",LA LIBERTAD,7.09751225, -73.09711456
46,"San martin, Bucaramanga, Colombia",SAN MARTÃN,8.00192928, -73.512146
47,"La ceiba, Bucaramanga, Colombia",LA CEIBA,7.41307449, -73.18618011
48,"La floresta, Bucaramanga, Colombia",LA FLORESTA,7.12551689, -73.11826324
49,"Morrorico, Bucaramanga, Colombia",MORRORICO,7.13341808, -73.10406494
50,"Transicion, Bucaramanga, Colombia",TRANSICIÃ“N,7.12551689, -73.11826324
51,"Esperanza ii, Bucaramanga, Colombia",ESPERANZA II,7.12551689, -73.11826324
52,"Cafe madrid, Bucaramanga, Colombia",CAFÃ‰ MADRID,7.12551689, -73.11826324
53,"Fontana, Bucaramanga, Colombia",FONTANA,7.12551689, -73.11826324
54,"Inmaculada, Bucaramanga, Colombia",INMACULADA,7.12551689, -73.11826324
55,"Miraflores, Bucaramanga, Colombia",MIRAFLORES,7.31849241, -73.38761902
56,"Esperanza i, Bucaramanga, Colombia",ESPERANZA I,7.12551689, -73.11826324
57,"Bosque norte, Bucaramanga, Colombia",BOSQUE NORTE,7.1560154, -73.13822937
58,"Los angeles, Bucaramanga, Colombia",LOS ÃNGELES,8.09866047, -73.50937653
59,"Kennedy, Bucaramanga, Colombia",KENNEDY,7.12551689, -73.11826324
60,"Diamante i, Bucaramanga, Colombia",DIAMANTE I,7.09105587, -73.11282349
61,"Alfonso lopez, Bucaramanga, Colombia",ALFONSO LÃ“PEZ,7.12551689, -73.11826324
62,"Granada, Bucaramanga, Colombia",GRANADA,6.51943064, -73.38655853
63,"Parque industrial, Bucaramanga, Colombia",PARQUE INDUSTRIAL,7.12551689, -73.11826324
64,"Colorados, Bucaramanga, Colombia",COLORADOS,7.12551689, -73.11826324
65,"Toledo plata, Bucaramanga, Colombia",TOLEDO PLATA,7.12551689, -73.11826324
66,"Estoraques i y ii, Bucaramanga, Colombia",ESTORAQUES I Y II,7.12551689, -73.11826324
67,"Conucos, Bucaramanga, Colombia",CONUCOS,7.12551689, -73.11826324
68,"Pio xii, Bucaramanga, Colombia",PÃO XII,7.12551689, -73.11826324
69,"La feria, Bucaramanga, Colombia",LA FERIA,7.12551689, -73.11826324
70,"Nueva granada, Bucaramanga, Colombia",NUEVA GRANADA,7.37889099, -73.42705536
71,"Alarcon, Bucaramanga, Colombia",ALARCÃ“N,7.12551689, -73.11826324
72,"Villas de san ignacio (sectores bavaria i y ii / betania i y ii / ingeser), Bucaramanga, Colombia",VILLAS DE SAN IGNACIO (SECTORES BAVARIA I Y II / BETANIA I Y II / INGESER),7.12551689, -73.11826324
73,"Mutis, Bucaramanga, Colombia",MUTIS,7.09312868, -73.13474274
74,"La independencia, Bucaramanga, Colombia",LA INDEPENDENCIA,7.12551689, -73.11826324
75,"Olas bajas, Bucaramanga, Colombia",OLAS BAJAS,7.12551689, -73.11826324
76,"Claveriano, Bucaramanga, Colombia",CLAVERIANO,7.12551689, -73.11826324
77,"Campestre norte (getsemani / los cerros / la fortuna), Bucaramanga, Colombia",CAMPESTRE NORTE (GETSEMANÃ / LOS CERROS / LA FORTUNA),7.12551689, -73.11826324
78,"Diamante ii, Bucaramanga, Colombia",DIAMANTE II,7.12551689, -73.11826324
79,"Asentamiento camilo torres, Bucaramanga, Colombia",ASENTAMIENTO CAMILO TORRES,7.12551689, -73.11826324
80,"Brisas de provenza, Bucaramanga, Colombia",BRISAS DE PROVENZA,7.08495522, -73.11476898
81,"Brisas del mutis, Bucaramanga, Colombia",BRISAS DEL MUTIS,7.09312868, -73.13474274
82,"Ricaurte, Bucaramanga, Colombia",RICAURTE,6.5512104, -72.83090973
83,"Garcia rovira, Bucaramanga, Colombia",GARCÃA ROVIRA,7.10379219, -73.14853668
84,"Regadero norte, Bucaramanga, Colombia",REGADERO NORTE,7.1560154, -73.13822937
85,"Gomez niÃ±o, Bucaramanga, Colombia",GÃ“MEZ NIÃ‘O,7.12551689, -73.11826324
86,"Santander, Bucaramanga, Colombia",SANTANDER,7.12551689, -73.11826324
87,"Modelo, Bucaramanga, Colombia",MODELO,7.12551689, -73.11826324
88,"Tejar norte, Bucaramanga, Colombia",TEJAR NORTE,7.1560154, -73.13822937
89,"Olas altas, Bucaramanga, Colombia",OLAS ALTAS,7.12551689, -73.11826324
90,"El porvenir, Bucaramanga, Colombia",EL PORVENIR,7.12551689, -73.11826324
91,"Lagos del cacique, Bucaramanga, Colombia",LAGOS DEL CACIQUE,7.10140657, -73.10010529
92,"El tejar, Bucaramanga, Colombia",EL TEJAR,7.12551689, -73.11826324
93,"Mercedes, Bucaramanga, Colombia",MERCEDES,7.12551689, -73.11826324
94,"Colseguros norte, Bucaramanga, Colombia",COLSEGUROS NORTE,7.1560154, -73.13822937
95,"Los heroes, Bucaramanga, Colombia",LOS HÃ‰ROES,7.12551689, -73.11826324
96,"Central de abastos, Bucaramanga, Colombia",CENTRAL DE ABASTOS,7.12551689, -73.11826324
97,"23 de junio, Bucaramanga, Colombia",23 DE JUNIO,10.91781435, -74.77198855
98,"Galan, Bucaramanga, Colombia",GALÃN,7.12551689, -73.11826324
99,"La juventud, Bucaramanga, Colombia",LA JUVENTUD,7.12551689, -73.11826324
100,"Villa alegria ii, Bucaramanga, Colombia",VILLA ALEGRÃA II,7.12551689, -73.11826324
101,"Inv. club chimita, Bucaramanga, Colombia",INV. CLUB CHIMITA,7.12551689, -73.11826324
102,"Manuela beltran i y ii, Bucaramanga, Colombia",MANUELA BELTRÃN I Y II,7.12551689, -73.11826324
103,"Jardines de coaviconsa, Bucaramanga, Colombia",JARDÃNES DE COAVICONSA,7.12551689, -73.11826324
104,"Albania, Bucaramanga, Colombia",ALBANIA,7.30634308, -72.72986603
105,"Maria paz, Bucaramanga, Colombia",MARÃA PAZ,7.12551689, -73.11826324
106,"Balcones del kennedy, Bucaramanga, Colombia",BALCONES DEL KENNEDY,7.12551689, -73.11826324
107,"Juan xxiii, Bucaramanga, Colombia",JUAN XXIII,7.12551689, -73.11826324
108,"Pablo vi, Bucaramanga, Colombia",PABLO VI,7.12551689, -73.11826324
109,"NariÃ±o, Bucaramanga, Colombia",NARIÃ‘O,7.28740215, -73.70107269
110,"Quinta dania, Bucaramanga, Colombia",QUINTA DANIA,7.12551689, -73.11826324
111,"San rafael, Bucaramanga, Colombia",SAN RAFAEL,6.2954936, -75.02801514
112,"San cristobal, Bucaramanga, Colombia",SAN CRISTÃ“BAL,7.77566624, -72.22141266
113,"Sin registro, Bucaramanga, Colombia",SIN REGISTRO,7.12551689, -73.11826324
114,"Las hamacas, Bucaramanga, Colombia",LAS HAMACAS,7.12551689, -73.11826324
115,"La pedregosa, Bucaramanga, Colombia",LA PEDREGOSA,7.09537268, -73.10890198
116,"Cinal, Bucaramanga, Colombia",CINAL,7.12551689, -73.11826324
117,"Chapinero, Bucaramanga, Colombia",CHAPINERO,8.13688946, -73.2803421
118,"Luz de salvacion i, Bucaramanga, Colombia",LUZ DE SALVACIÃ“N I,7.12551689, -73.11826324
119,"San gerardo, Bucaramanga, Colombia",SAN GERARDO,7.12551689, -73.11826324
120,"13 de junio, Bucaramanga, Colombia",13 DE JUNIO,10.9141747, -74.7614939
121,"Jose maria cordoba, Bucaramanga, Colombia",JOSE MARIA CORDOBA,7.12551689, -73.11826324
122,"Las colinas, Bucaramanga, Colombia",LAS COLINAS,7.58444786, -74.79685211
123,"Asturias, Bucaramanga, Colombia",ASTURIAS,7.12551689, -73.11826324
124,"Miramar, Bucaramanga, Colombia",MIRAMAR,7.21428347, -73.10829926
125,"Minuto de dios, Bucaramanga, Colombia",MINUTO DE DIOS,7.12551689, -73.11826324
126,"Urbanizacion bavaria, Bucaramanga, Colombia",Urbanizacion BAVARIA,7.12551689, -73.11826324
127,"12 de octubre, Bucaramanga, Colombia",12 DE OCTUBRE,7.12551689, -73.11826324
128,"Vereda el pablon, Bucaramanga, Colombia",VEREDA EL PABLÃ“N,6.57729888, -72.64162005
129,"Dangond, Bucaramanga, Colombia",DANGOND,7.12551689, -73.11826324
130,"Antigua colombia, Bucaramanga, Colombia",ANTIGUA COLOMBIA,7.12551689, -73.11826324
131,"El diviso, Bucaramanga, Colombia",EL DIVISO,7.12551689, -73.11826324
132,"Norte bajo, Bucaramanga, Colombia",NORTE BAJO,7.12551689, -73.11826324
133,"Candado, Bucaramanga, Colombia",CANDADO,7.12551689, -73.11826324
134,"Antonia santos sur, Bucaramanga, Colombia",ANTONIA SANTOS SUR,7.08341312, -73.13253021
135,"San miguel, Bucaramanga, Colombia",SAN MIGUEL,7.12551689, -73.11826324
136,"Asentamiento zarabanda, Bucaramanga, Colombia",ASENTAMIENTO ZARABANDA,7.12551689, -73.11826324
137,"El pablon, Bucaramanga, Colombia",EL PABLÃ“N,7.12551689, -73.11826324
138,"Primero de mayo, Bucaramanga, Colombia",PRIMERO DE MAYO,7.12551689, -73.11826324
139,"Urbanizacion el sol i, Bucaramanga, Colombia",Urbanizacion EL SOL I,7.12551689, -73.11826324
140,"Sauces, Bucaramanga, Colombia",SAUCES,7.12551689, -73.11826324
141,"La flora, Bucaramanga, Colombia",LA FLORA,7.12551689, -73.11826324
142,"Altos del kennedy, Bucaramanga, Colombia",ALTOS DEL KENNEDY,7.12551689, -73.11826324
143,"Villa del nogal, Bucaramanga, Colombia",VILLA DEL NOGAL,7.12551689, -73.11826324
144,"Urbanizacion la palma, Bucaramanga, Colombia",Urbanizacion LA PALMA,7.12551689, -73.11826324
145,"Urbanizacion plaza mayor, Bucaramanga, Colombia",Urbanizacion PLAZA MAYOR,7.12551689, -73.11826324
146,"Granjitas norte, Bucaramanga, Colombia",GRANJITAS NORTE,7.1560154, -73.13822937
147,"Olas ii, Bucaramanga, Colombia",OLAS II,7.12551689, -73.11826324
148,"Urbanizacion campo madrid, Bucaramanga, Colombia",URBANIZACION CAMPO MADRID,7.12551689, -73.11826324
149,"Canelos, Bucaramanga, Colombia",CANELOS,7.12551689, -73.11826324
150,"Quebrada la iglesia, Bucaramanga, Colombia",QUEBRADA LA IGLESIA,7.09408712, -73.11691284
151,"Balconcitos, Bucaramanga, Colombia",BALCONCITOS,7.12551689, -73.11826324
152,"El retiro, Bucaramanga, Colombia",EL RETIRO,7.12551689, -73.11826324
153,"Africa, Bucaramanga, Colombia",ÃFRICA,5.98786497, -74.32931519
154,"Candiles, Bucaramanga, Colombia",CANDILES,7.12551689, -73.11826324
155,"Altos del progreso, Bucaramanga, Colombia",ALTOS DEL PROGRESO,7.12551689, -73.11826324
156,"Vijagual, Bucaramanga, Colombia",VIJAGUAL,7.12551689, -73.11826324
157,"Granjas de julio rincon, Bucaramanga, Colombia",GRANJAS DE JULIO RINCÃ“N,7.12551689, -73.11826324
158,"Chorreras don juan, Bucaramanga, Colombia",CHORRERAS DON JUAN,7.12551689, -73.11826324
159,"Nueva colombia, Bucaramanga, Colombia",NUEVA COLOMBIA,7.12551689, -73.11826324
160,"Napoles, Bucaramanga, Colombia",NÃPOLES,5.35872698, -73.95357513
161,"Buenavista, Bucaramanga, Colombia",BUENAVISTA,7.12551689, -73.11826324
162,"Vegas de morrorico, Bucaramanga, Colombia",VEGAS DE MORRORICO,7.13701344, -73.10729218
163,"Esperanza iii, Bucaramanga, Colombia",ESPERANZA III,7.12551689, -73.11826324
164,"Villa maria iii, Bucaramanga, Colombia",VILLA MARÃA III,7.12551689, -73.11826324
165,"Lizcano i, Bucaramanga, Colombia",LIZCANO I,7.12551689, -73.11826324
166,"Paisajes del norte, Bucaramanga, Colombia",PAISAJES DEL NORTE,7.1560154, -73.13822937
167,"Villa alicia, Bucaramanga, Colombia",VILLA ALICIA,7.4698348, -73.58966064
168,"Lizcano ii, Bucaramanga, Colombia",LIZCANO II,7.12551689, -73.11826324
169,"El rosal, Bucaramanga, Colombia",EL ROSAL,7.12551689, -73.11826324
170,"Asentamiento 5 de enero, Bucaramanga, Colombia",ASENTAMIENTO 5 DE ENERO,7.12551689, -73.11826324
171,"Quinta estrella, Bucaramanga, Colombia",QUINTA ESTRELLA,7.12551689, -73.11826324
172,"Angelinos, Bucaramanga, Colombia",ANGELINOS,7.12551689, -73.11826324
173,"Inv. los corrales, Bucaramanga, Colombia",INV. LOS CORRALES,7.12551689, -73.11826324
174,"La estrella, Bucaramanga, Colombia",LA ESTRELLA,7.12551689, -73.11826324
175,"Las casitas, Bucaramanga, Colombia",LAS CASITAS,7.12551689, -73.11826324
176,"Urbanizacion villa romero, Bucaramanga, Colombia",Urbanizacion VILLA ROMERO,7.12551689, -73.11826324
177,"Balcones del sur, Bucaramanga, Colombia",BALCONES DEL SUR,18.95025635, -98.23471069
178,"Asentamiento cervunion, Bucaramanga, Colombia",ASENTAMIENTO CERVUNIÃ“N,7.12551689, -73.11826324
179,"Jardines de alta gracia, Bucaramanga, Colombia",JARDINES DE ALTA GRACIA,7.12551689, -73.11826324
180,"Asentamiento mirador del norte, Bucaramanga, Colombia",ASENTAMIENTO MIRADOR DEL NORTE,7.12551689, -73.11826324
181,"El uvo, Bucaramanga, Colombia",EL UVO,7.12551689, -73.11826324
182,"San luis, Bucaramanga, Colombia",SAN LUIS,7.65246344, -73.21920013
183,"Rincon de paz (17 de enero y 12 de febrero), Bucaramanga, Colombia",RINCÃ“N DE PAZ (17 DE ENERO Y 12 DE FEBRERO),7.12551689, -73.11826324
184,"Antiguo campestre, Bucaramanga, Colombia",ANTIGUO CAMPESTRE,7.12551689, -73.11826324
185,"Cordoncillo ii, Bucaramanga, Colombia",CORDONCILLO II,7.12551689, -73.11826324
186,"Altos del cacique, Bucaramanga, Colombia",ALTOS DEL CACIQUE,7.12551689, -73.11826324
187,"Limoncito, Bucaramanga, Colombia",LIMONCITO,7.12551689, -73.11826324
188,"10 de mayo santa barbara, Bucaramanga, Colombia",10 DE MAYO SANTA BÃRBARA,7.12551689, -73.11826324
189,"Vda. rio de oro, Bucaramanga, Colombia",VDA. RIO DE ORO,7.12551689, -73.11826324
190,"Monterredondo, Bucaramanga, Colombia",MONTERREDONDO,7.12551689, -73.11826324
191,"San pedrito, Bucaramanga, Colombia",SAN PEDRITO,7.12551689, -73.11826324
192,"Milagro de dios, Bucaramanga, Colombia",MILAGRO DE DIOS,7.12551689, -73.11826324
193,"Miradores de la uis, Bucaramanga, Colombia",MIRADORES DE LA UIS,7.12551689, -73.11826324
194,"Terminal de transportes, Bucaramanga, Colombia",TERMINAL DE TRANSPORTES,7.12551689, -73.11826324
195,"La gran ladera, Bucaramanga, Colombia",LA GRAN LADERA,7.12551689, -73.11826324
196,"Manzanares, Bucaramanga, Colombia",MANZANARES,7.61175489, -72.58522797
197,"Los guayacanes, Bucaramanga, Colombia",LOS GUAYACANES,7.12551689, -73.11826324
198,"Omaga 2, Bucaramanga, Colombia",OMAGÃ 2,7.12551689, -73.11826324
199,"Brisas del paraiso, Bucaramanga, Colombia",BRISAS DEL PARAÃSO,7.12551689, -73.11826324
200,"Guaduales, Bucaramanga, Colombia",GUADUALES,7.12551689, -73.11826324
201,"Urbanizacion el sol ii, Bucaramanga, Colombia",Urbanizacion EL SOL II,7.12551689, -73.11826324
202,"San ignacio, Bucaramanga, Colombia",SAN IGNACIO,7.4739275, -72.76261902
203,"La rosita, Bucaramanga, Colombia",LA ROSITA,7.12551689, -73.11826324
204,"Cacique imperial, Bucaramanga, Colombia",CACIQUE IMPERIAL,7.12551689, -73.11826324
205,"Porto fino, Bucaramanga, Colombia",PORTO FINO,7.12551689, -73.11826324
206,"San valentin, Bucaramanga, Colombia",SAN VALENTÃN,7.12551689, -73.11826324
207,"Urbanizacion los almendros, Bucaramanga, Colombia",Urbanizacion LOS ALMENDROS,7.12551689, -73.11826324
208,"Puerto rico, Bucaramanga, Colombia",PUERTO RICO,7.15280581, -73.46907043
209,"Zona industrial, Bucaramanga, Colombia",ZONA INDUSTRIAL,7.12551689, -73.11826324
210,"Rosa blanca, Bucaramanga, Colombia",ROSA BLANCA,7.12551689, -73.11826324
211,"Urbanizacion torres de monterrey, Bucaramanga, Colombia",Urbanizacion TORRES DE MONTERREY,7.12551689, -73.11826324
212,"Maria auxiliadora, Bucaramanga, Colombia",MARIA AUXILIADORA,7.12551689, -73.11826324
213,"Inv. tiburones, Bucaramanga, Colombia",INV. TIBURONES,7.12551689, -73.11826324
214,"La cemento, Bucaramanga, Colombia",LA CEMENTO,7.12551689, -73.11826324
215,"Los conquistadores, Bucaramanga, Colombia",LOS CONQUISTADORES,7.12551689, -73.11826324
216,"Quintas del cacique, Bucaramanga, Colombia",QUINTAS DEL CACIQUE,7.12551689, -73.11826324
217,"Capilla parte alta, Bucaramanga, Colombia",CAPILLA PARTE ALTA,7.12551689, -73.11826324
218,"San jose, Bucaramanga, Colombia",SAN JOSÃ‰,8.20053864, -73.9050293
219,"Pedregal, Bucaramanga, Colombia",PEDREGAL,7.12551689, -73.11826324
220,"Villa ines, Bucaramanga, Colombia",VILLA INÃ‰S,5.83416891, -73.04056549
221,"San pedro claver, Bucaramanga, Colombia",SAN PEDRO CLAVER,7.12551689, -73.11826324
222,"Monserrate, Bucaramanga, Colombia",MONSERRATE,6.77222204, -73.34702301
223,"La malaÃ±a, Bucaramanga, Colombia",LA MALAÃ‘A,7.12551689, -73.11826324
224,"Chimita, Bucaramanga, Colombia",CHIMITA,7.12551689, -73.11826324
225,"Gualilo bajo, Bucaramanga, Colombia",GUALILO BAJO,7.12551689, -73.11826324
226,"Los cuadros, Bucaramanga, Colombia",LOS CUADROS,7.12551689, -73.11826324
227,"Magueyes, Bucaramanga, Colombia",MAGUEYES,7.12551689, -73.11826324
228,"Villa real del sur, Bucaramanga, Colombia",VILLA REAL DEL SUR,7.08341312, -73.13253021
229,"Los cedros, Bucaramanga, Colombia",LOS CEDROS,7.12551689, -73.11826324
230,"20 de julio, Bucaramanga, Colombia",20 DE JULIO,7.12551689, -73.11826324
231,"Hacienda san juan, Bucaramanga, Colombia",HACIENDA SAN JUAN,7.12551689, -73.11826324
232,"Villa esmeralda, Bucaramanga, Colombia",VILLA ESMERALDA,7.12551689, -73.11826324
233,"Bosconia, Bucaramanga, Colombia",BOSCONIA,7.1539731, -73.11348724
234,"Villa sara, Bucaramanga, Colombia",VILLA SARA,7.12551689, -73.11826324
235,"Urbanizacion samanes, Bucaramanga, Colombia",Urbanizacion SAMANES,7.12551689, -73.11826324
236,"Boulevar del cacique, Bucaramanga, Colombia",BOULEVAR DEL CACIQUE,7.12551689, -73.11826324
237,"Inv. punta betin, Bucaramanga, Colombia",INV. PUNTA BETIN,7.12551689, -73.11826324
238,"La gloria, Bucaramanga, Colombia",LA GLORIA,7.12551689, -73.11826324
239,"Cordoncillo i, Bucaramanga, Colombia",CORDONCILLO I,7.12551689, -73.11826324
240,"EspaÃ±a, Bucaramanga, Colombia",ESPAÃ‘A,7.22087097, -72.83539581
241,"Punta paraiso, Bucaramanga, Colombia",PUNTA PARAÃSO,7.12551689, -73.11826324
242,"Centauros, Bucaramanga, Colombia",CENTAUROS,7.12551689, -73.11826324
243,"Villa flor, Bucaramanga, Colombia",VILLA FLOR,7.12551689, -73.11826324
244,"Asentamiento carlos pizarro, Bucaramanga, Colombia",ASENTAMIENTO CARLOS PIZARRO,7.12551689, -73.11826324
245,"Mirador del cacique, Bucaramanga, Colombia",MIRADOR DEL CACIQUE,7.12551689, -73.11826324
246,"Condado de gibraltar, Bucaramanga, Colombia",CONDADO DE GIBRALTAR,7.12551689, -73.11826324
247,"Brisas del palmar, Bucaramanga, Colombia",BRISAS DEL PALMAR,7.12551689, -73.11826324
248,"La quebrada, Bucaramanga, Colombia",LA QUEBRADA,8.30855846, -73.14876556
249,"Los santos, Bucaramanga, Colombia",LOS SANTOS,7.16863012, -73.09693146
250,"Fatima, Bucaramanga, Colombia",FATIMA,8.21882248, -72.77452087
251,"Urbanizacion altos de tajamar, Bucaramanga, Colombia",Urbanizacion ALTOS DE TAJAMAR,7.12551689, -73.11826324
252,"Igsabelar, Bucaramanga, Colombia",IGSABELAR,7.12551689, -73.11826324
253,"Palmeras del cacique, Bucaramanga, Colombia",PALMERAS DEL CACIQUE,7.12551689, -73.11826324
254,"Don bosco, Bucaramanga, Colombia",DON BOSCO,7.12551689, -73.11826324
255,"Santa maria, Bucaramanga, Colombia",SANTA MARÃA,7.12551689, -73.11826324
256,"Pantano ii, Bucaramanga, Colombia",PANTANO II,7.12551689, -73.11826324
257,"Portal del cacique, Bucaramanga, Colombia",PORTAL DEL CACIQUE,7.12551689, -73.11826324
258,"El condado, Bucaramanga, Colombia",EL CONDADO,7.12551689, -73.11826324
259,"Viveros de provenza, Bucaramanga, Colombia",VIVEROS DE PROVENZA,7.08495522, -73.11476898
260,"Granjas reagan, Bucaramanga, Colombia",GRANJAS REAGAN,7.12551689, -73.11826324
261,"Robles, Bucaramanga, Colombia",ROBLES,6.65480709, -72.65851593
262,"Balcon del lago, Bucaramanga, Colombia",BALCÃ“N DEL LAGO,7.12551689, -73.11826324
263,"Asentamiento primaveral, Bucaramanga, Colombia",ASENTAMIENTO PRIMAVERAL,7.12551689, -73.11826324
264,"Vda. la esperanza, Bucaramanga, Colombia",VDA. LA ESPERANZA,7.12551689, -73.11826324
265,"C.r. serrezuela, Bucaramanga, Colombia",C.R. SERREZUELA,7.12551689, -73.11826324
266,"Miradores del kennedy, Bucaramanga, Colombia",MIRADORES DEL KENNEDY,7.12551689, -73.11826324
267,"Rosalta, Bucaramanga, Colombia",ROSALTA,7.12551689, -73.11826324
268,"El aburrido, Bucaramanga, Colombia",EL ABURRIDO,7.12551689, -73.11826324
269,"Cenfer, Bucaramanga, Colombia",CENFER,7.12551689, -73.11826324
270,"Urbanizacion san fermin, Bucaramanga, Colombia",Urbanizacion SAN FERMIN,7.12551689, -73.11826324
271,"Urbanizacion marsella real, Bucaramanga, Colombia",Urbanizacion MARSELLA REAL,7.12551689, -73.11826324
272,"Carrasco, Bucaramanga, Colombia",CARRASCO,7.12551689, -73.11826324
273,"Urbanizacion plazuela real, Bucaramanga, Colombia",Urbanizacion PLAZUELA REAL,7.12551689, -73.11826324
274,"Autopista f/blanca-p/cuesta., Bucaramanga, Colombia",AUTOPISTA F/BLANCA-P/CUESTA.,7.09307, -73.12647
275,"Urbanizacion torres de alejandria, Bucaramanga, Colombia",Urbanizacion TORRES DE ALEJANDRÃA,7.12551689, -73.11826324
276,"Asentamiento navas, Bucaramanga, Colombia",ASENTAMIENTO NAVAS,7.12551689, -73.11826324
277,"Los laureles, Bucaramanga, Colombia",LOS LAURELES,7.12551689, -73.11826324
278,"Cacique ipana, Bucaramanga, Colombia",CACIQUE IPANA,7.12551689, -73.11826324
279,"Retiro chiquito, Bucaramanga, Colombia",RETIRO CHIQUITO,7.12551689, -73.11826324
280,"PeÃ±on del valle, Bucaramanga, Colombia",PEÃ‘ON DEL VALLE,7.12551689, -73.11826324
281,"Omaga 1, Bucaramanga, Colombia",OMAGÃ 1,7.12551689, -73.11826324
282,"La sabana, Bucaramanga, Colombia",LA SABANA,8.07427692, -72.39051819
283,"Alto de los padres, Bucaramanga, Colombia",ALTO DE LOS PADRES,7.12551689, -73.11826324
284,"Gallineral, Bucaramanga, Colombia",GALLINERAL,7.12551689, -73.11826324
285,"Asentamiento camino de paz i, Bucaramanga, Colombia",ASENTAMIENTO CAMINO DE PAZ I,7.12551689, -73.11826324
286,"Gualilo alto, Bucaramanga, Colombia",GUALILO ALTO,7.12551689, -73.11826324
287,"Santa rita, Bucaramanga, Colombia",SANTA RITA,7.12551689, -73.11826324
288,"Vda. marcelitas, Bucaramanga, Colombia",VDA. MARCELITAS,7.12551689, -73.11826324
289,"Los acasios, Bucaramanga, Colombia",LOS ACASIOS,7.12551689, -73.11826324
290,"Tejados, Bucaramanga, Colombia",TEJADOS,7.12551689, -73.11826324
291,"Pantano i, Bucaramanga, Colombia",PANTANO I,7.12551689, -73.11826324
292,"San pedro alto, Bucaramanga, Colombia",SAN PEDRO ALTO,7.12551689, -73.11826324
293,"Inv. luz de esperanza, Bucaramanga, Colombia",INV. LUZ DE ESPERANZA,7.12551689, -73.11826324
294,"Asentamiento moneque, Bucaramanga, Colombia",ASENTAMIENTO MONEQUE,7.12551689, -73.11826324
295,"La esmeralda, Bucaramanga, Colombia",LA ESMERALDA,7.12551689, -73.11826324
296,"Cuchilla alta, Bucaramanga, Colombia",CUCHILLA ALTA,7.12551689, -73.11826324
297,"San pedro bajo, Bucaramanga, Colombia",SAN PEDRO BAJO,7.12551689, -73.11826324
298,"Retiro grande parte baja, Bucaramanga, Colombia",RETIRO GRANDE PARTE BAJA,7.12551689, -73.11826324
299,"San cayetano, Bucaramanga, Colombia",SAN CAYETANO,7.19627666, -73.10302734
300,"Anillo vial, Bucaramanga, Colombia",ANILLO VIAL,7.06494285, -73.1251518
301,"Asentamiento mesetas del santuario, Bucaramanga, Colombia",ASENTAMIENTO MESETAS DEL SANTUARIO,7.12551689, -73.11826324
302,"Urbanizacion macaregua, Bucaramanga, Colombia",Urbanizacion MACAREGUA,7.12551689, -73.11826324
303,"C.r. soleri, Bucaramanga, Colombia",C.R. SOLERI,7.12551689, -73.11826324
304,"Prados del mutis, Bucaramanga, Colombia",PRADOS DEL MUTIS,7.09312868, -73.13474274
305,"La guacamaya, Bucaramanga, Colombia",LA GUACAMAYA,7.12551689, -73.11826324
306,"Pantano iii, Bucaramanga, Colombia",PANTANO III,7.12551689, -73.11826324
307,"Asentamiento el fonce, Bucaramanga, Colombia",ASENTAMIENTO EL FONCE,7.12551689, -73.11826324
308,"C.r. las margaritas, Bucaramanga, Colombia",C.R. LAS MARGARITAS,7.12551689, -73.11826324
309,"Omaga 3, Bucaramanga, Colombia",OMAGÃ 3,7.12551689, -73.11826324
310,"Barrio nuevo, Bucaramanga, Colombia",BARRIO NUEVO,7.57182407, -73.235672
311,"Mirador de fatima, Bucaramanga, Colombia",MIRADOR DE FATIMA,7.12551689, -73.11826324
312,"Campo alegre ii, Bucaramanga, Colombia",CAMPO ALEGRE II,7.12551689, -73.11826324
313,"Inem, Bucaramanga, Colombia",INEM,7.12551689, -73.11826324
314,"Asentamiento la hoyada, Bucaramanga, Colombia",ASENTAMIENTO LA HOYADA,7.12551689, -73.11826324
315,"Prados del norte, Bucaramanga, Colombia",PRADOS DEL NORTE,7.1560154, -73.13822937
316,"Urbanizacion ciudad bolivar, Bucaramanga, Colombia",Urbanizacion CIUDAD BOLIVAR,7.12551689, -73.11826324
317,"Urbanizacion heroes, Bucaramanga, Colombia",Urbanizacion HEROES,7.12551689, -73.11826324
318,"Asentamiento jose antonio galan, Bucaramanga, Colombia",ASENTAMIENTO JOSÃ‰ ANTONIO GALÃN,7.12551689, -73.11826324
319,"Villa alegria i, Bucaramanga, Colombia",VILLA ALEGRÃA I,7.12551689, -73.11826324
320,"Villa maria i, Bucaramanga, Colombia",VILLA MARÃA I,7.12551689, -73.11826324
321,"Nueva gracia de dios, Bucaramanga, Colombia",NUEVA GRACIA DE DIOS,7.12551689, -73.11826324
322,"Las americas, Bucaramanga, Colombia",LAS AMERICAS,7.12551689, -73.11826324
323,"Cacique condominio, Bucaramanga, Colombia",CACIQUE CONDOMINIO,7.12551689, -73.11826324
324,"Urbanizacion acropolis i, Bucaramanga, Colombia",Urbanizacion ACROPOLIS I,7.12551689, -73.11826324
325,"Casco antiguo, Bucaramanga, Colombia",CASCO ANTIGUO,7.12551689, -73.11826324
326,"Bonanza campestre, Bucaramanga, Colombia",BONANZA CAMPESTRE,7.12551689, -73.11826324
